x0,x1,u,source
0.025,0.025,0.22570684427122578,0.0
0.05,0.025,0.1648568864438009,0.0
0.07500000000000001,0.025,0.12041191349645312,0.0
0.1,0.025,0.0879491856521261,0.0
0.125,0.025,0.06423832187584985,0.0
0.15000000000000002,0.025,0.046919843166569795,0.0
0.17500000000000002,0.025,0.034270379712443,0.0
0.2,0.025,0.025031177565227273,0.0
0.225,0.025,0.018282839453758484,0.0
0.25,0.025,0.01335383513703555,0.0
0.275,0.025,0.009753677119910719,0.0
0.30000000000000004,0.025,0.007124112016002392,0.0
0.325,0.025,0.0052034705878201415,0.0
0.35000000000000003,0.025,0.003800628920136309,0.0
0.375,0.025,0.002775989590944868,0.0
0.4,0.025,0.002027590267549161,0.0
0.42500000000000004,0.025,0.001480957387761949,0.0
0.45,0.025,0.0010816952613497011,0.0
0.47500000000000003,0.025,0.0007900731297843897,0.0
0.5,0.025,0.0005770715401197441,0.0
0.525,0.025,0.00042149460583104756,0.0
0.55,0.025,0.00030786079436148503,0.0
0.5750000000000001,0.025,0.00022486235267000235,0.0
0.6000000000000001,0.025,0.0001642400675056993,0.0
0.625,0.025,0.00011996138728417412,0.0
0.65,0.025,8.762012009428955e-05,0.0
0.675,0.025,6.39979715068746e-05,0.0
0.7000000000000001,0.025,4.674429061027576e-05,0.0
0.7250000000000001,0.025,3.4142155652905285e-05,0.0
0.75,0.025,2.4937522367083794e-05,0.0
0.775,0.025,1.8214433445003795e-05,0.0
0.8,0.025,1.3303871204157223e-05,0.0
0.8250000000000001,0.025,9.717183328881022e-06,0.0
0.8500000000000001,0.025,7.097456852827722e-06,0.0
0.875,0.025,5.184001584907029e-06,0.0
0.9,0.025,3.7864087080165376e-06,0.0
0.925,0.025,2.7656031097453047e-06,0.0
0.9500000000000001,0.025,2.020003953730473e-06,0.0
0.9750000000000001,0.025,1.4754163237336389e-06,0.0
0.025,0.05,0.42931993003312946,0.0
0.05,0.05,0.31357643221701403,0.0
0.07500000000000001,0.05,0.22903706994074022,0.0
0.1,0.05,0.16728929223461353,0.0
0.125,0.05,0.12218854923178503,0.0
0.15000000000000002,0.05,0.08924684517422568,0.0
0.17500000000000002,0.05,0.0651861358828563,0.0
0.2,0.05,0.04761212906790092,0.0
0.225,0.05,0.03477602719775027,0.0
0.25,0.05,0.02540050384921769,0.0
0.275,0.05,0.018552596365460073,0.0
0.30000000000000004,0.05,0.01355086631127136,0.0
0.325,0.05,0.00989758921979304,0.0
0.35000000000000003,0.05,0.0072292258010309,0.0
0.375,0.05,0.00528024597927127,0.0
0.4,0.05,0.003856705872658527,0.0
0.42500000000000004,0.05,0.0028169483479729006,0.0
0.45,0.05,0.002057506653904445,0.0
0.47500000000000003,0.05,0.001502808396862301,0.0
0.5,0.05,0.0010976552971987258,0.0
0.525,0.05,0.0008017303829177502,0.0
0.55,0.05,0.0005855860291785852,0.0
0.5750000000000001,0.05,0.00042771361155252935,0.0
0.6000000000000001,0.05,0.00031240317287610254,0.0
0.625,0.05,0.00022818011816084076,0.0
0.65,0.05,0.00016666337234847603,0.0
0.675,0.05,0.00012173137566256932,0.0
0.7000000000000001,0.05,8.891292436899425e-05,0.0
0.7250000000000001,0.05,6.494223922811798e-05,0.0
0.75,0.05,4.7433986294942376e-05,0.0
0.775,0.05,3.4645911236990484e-05,0.0
0.8,0.05,2.530546680133036e-05,0.0
0.8250000000000001,0.05,1.848318104993386e-05,0.0
0.8500000000000001,0.05,1.3500165178010998e-05,0.0
0.875,0.05,9.860556975620468e-06,0.0
0.9,0.05,7.2021773502316835e-06,0.0
0.925,0.05,5.260489718018826e-06,0.0
0.9500000000000001,0.05,3.842275846274681e-06,0.0
0.9750000000000001,0.05,2.806408617870234e-06,0.0
0.025,0.07500000000000001,0.5909081897955486,0.0
0.05,0.07500000000000001,0.43160093198935257,0.0
0.07500000000000001,0.07500000000000001,0.31524248218412654,0.0
0.1,0.07500000000000001,0.23025395732014076,0.0
0.125,0.07500000000000001,0.16817811005123082,0.0
0.15000000000000002,0.07500000000000001,0.12283774415689423,0.0
0.17500000000000002,0.07500000000000001,0.08972101889454062,0.0
0.2,0.07500000000000001,0.06553247364419885,0.0
0.225,0.07500000000000001,0.047865095100797284,0.0
0.25,0.07500000000000001,0.03496079426892168,0.0
0.275,0.07500000000000001,0.02553545821521845,0.0
0.30000000000000004,0.07500000000000001,0.0186511673975558,0.0
0.325,0.07500000000000001,0.013622862858373528,0.0
0.35000000000000003,0.07500000000000001,0.009950175691542669,0.0
0.375,0.07500000000000001,0.0072676351015095834,0.0
0.4,0.07500000000000001,0.005308300235702197,0.0
0.42500000000000004,0.07500000000000001,0.003877196777051041,0.0
0.45,0.07500000000000001,0.0028319149596832184,0.0
0.47500000000000003,0.07500000000000001,0.0020684383073735395,0.0
0.5,0.07500000000000001,0.001510792905973739,0.0
0.525,0.07500000000000001,0.0011034872041404222,0.0
0.55,0.07500000000000001,0.0008059900234419099,0.0
0.5750000000000001,0.07500000000000001,0.0005886972820803319,0.0
0.6000000000000001,0.07500000000000001,0.00042998607904449804,0.0
0.625,0.07500000000000001,0.00031406298924755734,0.0
0.65,0.07500000000000001,0.00022939245250519773,0.0
0.675,0.07500000000000001,0.00016754886461604505,0.0
0.7000000000000001,0.07500000000000001,0.0001223781415977045,0.0
0.7250000000000001,0.07500000000000001,8.938532394849541e-05,0.0
0.75,0.07500000000000001,6.528728115223611e-05,0.0
0.775,0.07500000000000001,4.7686005844842775e-05,0.0
0.8,0.07500000000000001,3.482998699443461e-05,0.0
0.8250000000000001,0.07500000000000001,2.543991622992437e-05,0.0
0.8500000000000001,0.07500000000000001,1.858138327438884e-05,0.0
0.875,0.07500000000000001,1.3571892347019928e-05,0.0
0.9,0.07500000000000001,9.912946692885874e-06,0.0
0.925,0.07500000000000001,7.2404429407056145e-06,0.0
0.9500000000000001,0.07500000000000001,5.28843900827555e-06,0.0
0.9750000000000001,0.07500000000000001,3.862690083091085e-06,0.0
0.025,0.1,0.6946542388413303,0.0
0.05,0.1,0.5073773253980562,0.0
0.07500000000000001,0.1,0.3705897638478045,0.0
0.1,0.1,0.27067976078951855,0.0
0.125,0.1,0.19770522569306803,0.0
0.15000000000000002,0.1,0.14440442888059668,0.0
0.17500000000000002,0.1,0.1054733834537306,0.0
0.2,0.1,0.07703804310861052,0.0
0.225,0.1,0.05626879399965069,0.0
0.25,0.1,0.041098878559406755,0.0
0.275,0.1,0.030018731498872162,0.0
0.30000000000000004,0.1,0.02192576226864297,0.0
0.325,0.1,0.01601463576430969,0.0
0.35000000000000003,0.1,0.01169713305841568,0.0
0.375,0.1,0.008543617463420887,0.0
0.4,0.1,0.00624028118657282,0.0
0.42500000000000004,0.1,0.004557918171573019,0.0
0.45,0.1,0.0033291156980964584,0.0
0.47500000000000003,0.1,0.002431595064701944,0.0
0.5,0.1,0.0017760435787989054,0.0
0.525,0.1,0.0012972270093743877,0.0
0.55,0.1,0.0009474980985480386,0.0
0.5750000000000001,0.1,0.0006920551609429622,0.0
0.6000000000000001,0.1,0.0005054789519068431,0.0
0.625,0.1,0.0003692031867412075,0.0
0.65,0.1,0.0002696670011395136,0.0
0.675,0.1,0.0001969655033193189,0.0
0.7000000000000001,0.1,0.00014386413366818148,0.0
0.7250000000000001,0.1,0.00010507875037662162,0.0
0.75,0.1,7.674980204711345e-05,0.0
0.775,0.1,5.6058261952662514e-05,0.0
0.8,0.1,4.0945105385734605e-05,0.0
0.8250000000000001,0.1,2.990641515901095e-05,0.0
0.8500000000000001,0.1,2.1843726111759567e-05,0.0
0.875,0.1,1.5954716334558785e-05,0.0
0.9,0.1,1.165336774567952e-05,0.0
0.925,0.1,8.51165116122381e-06,0.0
0.9500000000000001,0.1,6.2169329134252e-06,0.0
0.9750000000000001,0.1,4.5408645300346545e-06,0.0
0.025,0.125,0.7304026910486456,0.0
0.05,0.125,0.5334880910911033,0.0
0.07500000000000001,0.125,0.38966113737534674,0.0
0.1,0.125,0.2846095433360293,0.0
0.125,0.125,0.20787957635076193,0.0
0.15000000000000002,0.125,0.15183580198064886,0.0
0.17500000000000002,0.125,0.11090127836419524,0.0
0.2,0.125,0.08100259215794314,0.0
0.225,0.125,0.059164511294077585,0.0
0.25,0.125,0.04321391826377226,0.0
0.275,0.125,0.03156356219061546,0.0
0.30000000000000004,0.125,0.023054110763106813,0.0
0.325,0.125,0.01683878454110677,0.0
0.35000000000000003,0.125,0.012299093542812717,0.0
0.375,0.125,0.008983291021129429,0.0
0.4,0.125,0.006561419936306071,0.0
0.42500000000000004,0.125,0.004792478778578183,0.0
0.45,0.125,0.003500439396667034,0.0
0.47500000000000003,0.125,0.002556730355178299,0.0
0.5,0.125,0.0018674427317079893,0.0
0.525,0.125,0.0013639851966187493,0.0
0.55,0.125,0.0009962584581608496,0.0
0.5750000000000001,0.125,0.000727669858820659,0.0
0.6000000000000001,0.125,0.0005314920230775974,0.0
0.625,0.125,0.00038820320392676637,0.0
0.65,0.125,0.0002835446648218163,0.0
0.675,0.125,0.00020710178621834087,0.0
0.7000000000000001,0.125,0.0001512677019748575,0.0
0.7250000000000001,0.125,0.00011048633659118023,0.0
0.75,0.125,8.069951757030463e-05,0.0
0.775,0.125,5.894314479967796e-05,0.0
0.8,0.125,4.305223158055476e-05,0.0
0.8250000000000001,0.125,3.144546580208669e-05,0.0
0.8500000000000001,0.125,2.2967852843122233e-05,0.0
0.875,0.125,1.6775781524225795e-05,0.0
0.9,0.125,1.225307596973867e-05,0.0
0.925,0.125,8.949679661920618e-06,0.0
0.9500000000000001,0.125,6.536870109090152e-06,0.0
0.9750000000000001,0.125,4.774547518714892e-06,0.0
0.025,0.15000000000000002,0.6946542388413303,0.0
0.05,0.15000000000000002,0.5073773253980562,0.0
0.07500000000000001,0.15000000000000002,0.3705897638478045,0.0
0.1,0.15000000000000002,0.27067976078951855,0.0
0.125,0.15000000000000002,0.19770522569306803,0.0
0.15000000000000002,0.15000000000000002,0.14440442888059668,0.0
0.17500000000000002,0.15000000000000002,0.1054733834537306,0.0
0.2,0.15000000000000002,0.07703804310861052,0.0
0.225,0.15000000000000002,0.05626879399965069,0.0
0.25,0.15000000000000002,0.041098878559406755,0.0
0.275,0.15000000000000002,0.030018731498872162,0.0
0.30000000000000004,0.15000000000000002,0.02192576226864297,0.0
0.325,0.15000000000000002,0.01601463576430969,0.0
0.35000000000000003,0.15000000000000002,0.01169713305841568,0.0
0.375,0.15000000000000002,0.008543617463420887,0.0
0.4,0.15000000000000002,0.00624028118657282,0.0
0.42500000000000004,0.15000000000000002,0.004557918171573019,0.0
0.45,0.15000000000000002,0.0033291156980964584,0.0
0.47500000000000003,0.15000000000000002,0.002431595064701944,0.0
0.5,0.15000000000000002,0.0017760435787989054,0.0
0.525,0.15000000000000002,0.0012972270093743877,0.0
0.55,0.15000000000000002,0.0009474980985480386,0.0
0.5750000000000001,0.15000000000000002,0.0006920551609429622,0.0
0.6000000000000001,0.15000000000000002,0.0005054789519068431,0.0
0.625,0.15000000000000002,0.0003692031867412075,0.0
0.65,0.15000000000000002,0.0002696670011395136,0.0
0.675,0.15000000000000002,0.0001969655033193189,0.0
0.7000000000000001,0.15000000000000002,0.00014386413366818148,0.0
0.7250000000000001,0.15000000000000002,0.00010507875037662162,0.0
0.75,0.15000000000000002,7.674980204711345e-05,0.0
0.775,0.15000000000000002,5.6058261952662514e-05,0.0
0.8,0.15000000000000002,4.0945105385734605e-05,0.0
0.8250000000000001,0.15000000000000002,2.990641515901095e-05,0.0
0.8500000000000001,0.15000000000000002,2.1843726111759567e-05,0.0
0.875,0.15000000000000002,1.5954716334558785e-05,0.0
0.9,0.15000000000000002,1.165336774567952e-05,0.0
0.925,0.15000000000000002,8.51165116122381e-06,0.0
0.9500000000000001,0.15000000000000002,6.2169329134252e-06,0.0
0.9750000000000001,0.15000000000000002,4.5408645300346545e-06,0.0
0.025,0.17500000000000002,0.5909081897955486,0.0
0.05,0.17500000000000002,0.43160093198935257,0.0
0.07500000000000001,0.17500000000000002,0.31524248218412654,0.0
0.1,0.17500000000000002,0.23025395732014076,0.0
0.125,0.17500000000000002,0.16817811005123082,0.0
0.15000000000000002,0.17500000000000002,0.12283774415689423,0.0
0.17500000000000002,0.17500000000000002,0.08972101889454062,0.0
0.2,0.17500000000000002,0.06553247364419885,0.0
0.225,0.17500000000000002,0.047865095100797284,0.0
0.25,0.17500000000000002,0.03496079426892168,0.0
0.275,0.17500000000000002,0.02553545821521845,0.0
0.30000000000000004,0.17500000000000002,0.0186511673975558,0.0
0.325,0.17500000000000002,0.013622862858373528,0.0
0.35000000000000003,0.17500000000000002,0.009950175691542669,0.0
0.375,0.17500000000000002,0.0072676351015095834,0.0
0.4,0.17500000000000002,0.005308300235702197,0.0
0.42500000000000004,0.17500000000000002,0.003877196777051041,0.0
0.45,0.17500000000000002,0.0028319149596832184,0.0
0.47500000000000003,0.17500000000000002,0.0020684383073735395,0.0
0.5,0.17500000000000002,0.001510792905973739,0.0
0.525,0.17500000000000002,0.0011034872041404222,0.0
0.55,0.17500000000000002,0.0008059900234419099,0.0
0.5750000000000001,0.17500000000000002,0.0005886972820803319,0.0
0.6000000000000001,0.17500000000000002,0.00042998607904449804,0.0
0.625,0.17500000000000002,0.00031406298924755734,0.0
0.65,0.17500000000000002,0.00022939245250519773,0.0
0.675,0.17500000000000002,0.00016754886461604505,0.0
0.7000000000000001,0.17500000000000002,0.0001223781415977045,0.0
0.7250000000000001,0.17500000000000002,8.938532394849541e-05,0.0
0.75,0.17500000000000002,6.528728115223611e-05,0.0
0.775,0.17500000000000002,4.7686005844842775e-05,0.0
0.8,0.17500000000000002,3.482998699443461e-05,0.0
0.8250000000000001,0.17500000000000002,2.543991622992437e-05,0.0
0.8500000000000001,0.17500000000000002,1.858138327438884e-05,0.0
0.875,0.17500000000000002,1.3571892347019928e-05,0.0
0.9,0.17500000000000002,9.912946692885874e-06,0.0
0.925,0.17500000000000002,7.2404429407056145e-06,0.0
0.9500000000000001,0.17500000000000002,5.28843900827555e-06,0.0
0.9750000000000001,0.17500000000000002,3.862690083091085e-06,0.0
0.025,0.2,0.42931993003312957,0.0
0.05,0.2,0.3135764322170141,0.0
0.07500000000000001,0.2,0.22903706994074027,0.0
0.1,0.2,0.16728929223461356,0.0
0.125,0.2,0.12218854923178506,0.0
0.15000000000000002,0.2,0.0892468451742257,0.0
0.17500000000000002,0.2,0.06518613588285631,0.0
0.2,0.2,0.047612129067900924,0.0
0.225,0.2,0.034776027197750276,0.0
0.25,0.2,0.025400503849217694,0.0
0.275,0.2,0.018552596365460076,0.0
0.30000000000000004,0.2,0.013550866311271361,0.0
0.325,0.2,0.009897589219793041,0.0
0.35000000000000003,0.2,0.007229225801030902,0.0
0.375,0.2,0.005280245979271271,0.0
0.4,0.2,0.0038567058726585277,0.0
0.42500000000000004,0.2,0.0028169483479729015,0.0
0.45,0.2,0.0020575066539044455,0.0
0.47500000000000003,0.2,0.0015028083968623013,0.0
0.5,0.2,0.001097655297198726,0.0
0.525,0.2,0.0008017303829177503,0.0
0.55,0.2,0.0005855860291785854,0.0
0.5750000000000001,0.2,0.00042771361155252946,0.0
0.6000000000000001,0.2,0.0003124031728761026,0.0
0.625,0.2,0.0002281801181608408,0.0
0.65,0.2,0.00016666337234847605,0.0
0.675,0.2,0.00012173137566256935,0.0
0.7000000000000001,0.2,8.891292436899426e-05,0.0
0.7250000000000001,0.2,6.494223922811799e-05,0.0
0.75,0.2,4.743398629494238e-05,0.0
0.775,0.2,3.464591123699049e-05,0.0
0.8,0.2,2.5305466801330364e-05,0.0
0.8250000000000001,0.2,1.8483181049933864e-05,0.0
0.8500000000000001,0.2,1.3500165178011e-05,0.0
0.875,0.2,9.86055697562047e-06,0.0
0.9,0.2,7.202177350231685e-06,0.0
0.925,0.2,5.260489718018827e-06,0.0
0.9500000000000001,0.2,3.842275846274682e-06,0.0
0.9750000000000001,0.2,2.806408617870235e-06,0.0
0.025,0.225,0.22570684427122584,0.0
0.05,0.225,0.16485688644380095,0.0
0.07500000000000001,0.225,0.12041191349645318,0.0
0.1,0.225,0.08794918565212614,0.0
0.125,0.225,0.06423832187584987,0.0
0.15000000000000002,0.225,0.04691984316656981,0.0
0.17500000000000002,0.225,0.034270379712443004,0.0
0.2,0.225,0.025031177565227283,0.0
0.225,0.225,0.01828283945375849,0.0
0.25,0.225,0.013353835137035553,0.0
0.275,0.225,0.009753677119910723,0.0
0.30000000000000004,0.225,0.007124112016002395,0.0
0.325,0.225,0.005203470587820143,0.0
0.35000000000000003,0.225,0.003800628920136311,0.0
0.375,0.225,0.0027759895909448694,0.0
0.4,0.225,0.0020275902675491613,0.0
0.42500000000000004,0.225,0.0014809573877619497,0.0
0.45,0.225,0.0010816952613497016,0.0
0.47500000000000003,0.225,0.00079007312978439,0.0
0.5,0.225,0.0005770715401197444,0.0
0.525,0.225,0.0004214946058310477,0.0
0.55,0.225,0.00030786079436148514,0.0
0.5750000000000001,0.225,0.00022486235267000243,0.0
0.6000000000000001,0.225,0.0001642400675056994,0.0
0.625,0.225,0.00011996138728417416,0.0
0.65,0.225,8.762012009428958e-05,0.0
0.675,0.225,6.399797150687463e-05,0.0
0.7000000000000001,0.225,4.674429061027577e-05,0.0
0.7250000000000001,0.225,3.41421556529053e-05,0.0
0.75,0.225,2.4937522367083805e-05,0.0
0.775,0.225,1.8214433445003802e-05,0.0
0.8,0.225,1.3303871204157228e-05,0.0
0.8250000000000001,0.225,9.717183328881027e-06,0.0
0.8500000000000001,0.225,7.097456852827725e-06,0.0
0.875,0.225,5.1840015849070305e-06,0.0
0.9,0.225,3.786408708016539e-06,0.0
0.925,0.225,2.7656031097453056e-06,0.0
0.9500000000000001,0.225,2.020003953730474e-06,0.0
0.9750000000000001,0.225,1.4754163237336393e-06,0.0
0.025,0.25,8.94485317681337e-17,0.0
0.05,0.25,6.533344831379512e-17,0.0
0.07500000000000001,0.25,4.7719726463883545e-17,0.0
0.1,0.25,3.4854616625325816e-17,0.0
0.125,0.25,2.545790577860684e-17,0.0
0.15000000000000002,0.25,1.85945228891573e-17,0.0
0.17500000000000002,0.25,1.3581489557006131e-17,0.0
0.2,0.25,9.919956520886356e-18,0.0
0.225,0.25,7.245562937940954e-18,0.0
0.25,0.25,5.292178668034404e-18,0.0
0.275,0.25,3.865421540642564e-18,0.0
0.30000000000000004,0.25,2.8233142953227305e-18,0.0
0.325,0.25,2.062156358979834e-18,0.0
0.35000000000000003,0.25,1.5062045539619474e-18,0.0
0.375,0.25,1.1001358594835313e-18,0.0
0.4,0.25,8.035421922858859e-19,0.0
0.42500000000000004,0.25,5.869093796167389e-19,0.0
0.45,0.25,4.2868019027375755e-19,0.0
0.47500000000000003,0.25,3.1310916457519797e-19,0.0
0.5,0.25,2.2869577639771785e-19,0.0
0.525,0.25,1.6704001051235246e-19,0.0
0.55,0.25,1.2200647319101618e-19,0.0
0.5750000000000001,0.25,8.911385634407264e-20,0.0
0.6000000000000001,0.25,6.508900048343309e-20,0.0
0.625,0.25,4.7541181110766163e-20,0.0
0.65,0.25,3.4724206618934645e-20,0.0
0.675,0.25,2.5362653958999058e-20,0.0
0.7000000000000001,0.25,1.8524950703788498e-20,0.0
0.7250000000000001,0.25,1.3530673845590596e-20,0.0
0.75,0.25,9.882840588520915e-21,0.0
0.775,0.25,7.218453361060458e-21,0.0
0.8,0.25,5.272377760127698e-21,0.0
0.8250000000000001,0.25,3.850958904222302e-21,0.0
0.8500000000000001,0.25,2.812750746761708e-21,0.0
0.875,0.25,2.0544407146838428e-21,0.0
0.9,0.25,1.5005690266049812e-21,0.0
0.925,0.25,1.0960196551365251e-21,0.0
0.9500000000000001,0.25,8.005357055539265e-22,0.0
0.9750000000000001,0.25,5.8471343361711295e-22,0.0
0.025,0.275,-0.225706844271226,0.0
0.05,0.275,-0.16485688644380106,0.0
0.07500000000000001,0.275,-0.12041191349645326,0.0
0.1,0.275,-0.0879491856521262,0.0
0.125,0.275,-0.06423832187584992,0.0
0.15000000000000002,0.275,-0.046919843166569844,0.0
0.17500000000000002,0.275,-0.03427037971244303,0.0
0.2,0.275,-0.0250311775652273,0.0
0.225,0.275,-0.018282839453758505,0.0
0.25,0.275,-0.013353835137035563,0.0
0.275,0.275,-0.00975367711991073,0.0
0.30000000000000004,0.275,-0.0071241120160024,0.0
0.325,0.275,-0.0052034705878201476,0.0
0.35000000000000003,0.275,-0.0038006289201363134,0.0
0.375,0.275,-0.002775989590944871,0.0
0.4,0.275,-0.002027590267549163,0.0
0.42500000000000004,0.275,-0.0014809573877619508,0.0
0.45,0.275,-0.0010816952613497022,0.0
0.47500000000000003,0.275,-0.0007900731297843906,0.0
0.5,0.275,-0.0005770715401197448,0.0
0.525,0.275,-0.00042149460583104805,0.0
0.55,0.275,-0.00030786079436148536,0.0
0.5750000000000001,0.275,-0.0002248623526700026,0.0
0.6000000000000001,0.275,-0.0001642400675056995,0.0
0.625,0.275,-0.00011996138728417425,0.0
0.65,0.275,-8.762012009428965e-05,0.0
0.675,0.275,-6.399797150687467e-05,0.0
0.7000000000000001,0.275,-4.6744290610275805e-05,0.0
0.7250000000000001,0.275,-3.4142155652905325e-05,0.0
0.75,0.275,-2.493752236708382e-05,0.0
0.775,0.275,-1.8214433445003812e-05,0.0
0.8,0.275,-1.3303871204157238e-05,0.0
0.8250000000000001,0.275,-9.717183328881034e-06,0.0
0.8500000000000001,0.275,-7.09745685282773e-06,0.0
0.875,0.275,-5.184001584907035e-06,0.0
0.9,0.275,-3.786408708016542e-06,0.0
0.925,0.275,-2.7656031097453077e-06,0.0
0.9500000000000001,0.275,-2.0200039537304757e-06,0.0
0.9750000000000001,0.275,-1.4754163237336403e-06,0.0
0.025,0.30000000000000004,-0.4293199300331296,0.0
0.05,0.30000000000000004,-0.31357643221701414,0.0
0.07500000000000001,0.30000000000000004,-0.2290370699407403,0.0
0.1,0.30000000000000004,-0.1672892922346136,0.0
0.125,0.30000000000000004,-0.12218854923178508,0.0
0.15000000000000002,0.30000000000000004,-0.08924684517422572,0.0
0.17500000000000002,0.30000000000000004,-0.06518613588285631,0.0
0.2,0.30000000000000004,-0.04761212906790093,0.0
0.225,0.30000000000000004,-0.03477602719775028,0.0
0.25,0.30000000000000004,-0.025400503849217698,0.0
0.275,0.30000000000000004,-0.01855259636546008,0.0
0.30000000000000004,0.30000000000000004,-0.013550866311271363,0.0
0.325,0.30000000000000004,-0.009897589219793043,0.0
0.35000000000000003,0.30000000000000004,-0.007229225801030903,0.0
0.375,0.30000000000000004,-0.005280245979271272,0.0
0.4,0.30000000000000004,-0.003856705872658528,0.0
0.42500000000000004,0.30000000000000004,-0.002816948347972902,0.0
0.45,0.30000000000000004,-0.002057506653904446,0.0
0.47500000000000003,0.30000000000000004,-0.0015028083968623017,0.0
0.5,0.30000000000000004,-0.001097655297198726,0.0
0.525,0.30000000000000004,-0.0008017303829177504,0.0
0.55,0.30000000000000004,-0.0005855860291785855,0.0
0.5750000000000001,0.30000000000000004,-0.0004277136115525295,0.0
0.6000000000000001,0.30000000000000004,-0.00031240317287610264,0.0
0.625,0.30000000000000004,-0.00022818011816084084,0.0
0.65,0.30000000000000004,-0.00016666337234847608,0.0
0.675,0.30000000000000004,-0.00012173137566256937,0.0
0.7000000000000001,0.30000000000000004,-8.891292436899428e-05,0.0
0.7250000000000001,0.30000000000000004,-6.4942239228118e-05,0.0
0.75,0.30000000000000004,-4.743398629494239e-05,0.0
0.775,0.30000000000000004,-3.46459112369905e-05,0.0
0.8,0.30000000000000004,-2.530546680133037e-05,0.0
0.8250000000000001,0.30000000000000004,-1.8483181049933867e-05,0.0
0.8500000000000001,0.30000000000000004,-1.3500165178011003e-05,0.0
0.875,0.30000000000000004,-9.860556975620472e-06,0.0
0.9,0.30000000000000004,-7.202177350231687e-06,0.0
0.925,0.30000000000000004,-5.260489718018828e-06,0.0
0.9500000000000001,0.30000000000000004,-3.842275846274683e-06,0.0
0.9750000000000001,0.30000000000000004,-2.8064086178702355e-06,0.0
0.025,0.325,-0.5909081897955486,0.0
0.05,0.325,-0.4316009319893525,0.0
0.07500000000000001,0.325,-0.3152424821841265,0.0
0.1,0.325,-0.23025395732014073,0.0
0.125,0.325,-0.1681781100512308,0.0
0.15000000000000002,0.325,-0.12283774415689422,0.0
0.17500000000000002,0.325,-0.08972101889454061,0.0
0.2,0.325,-0.06553247364419884,0.0
0.225,0.325,-0.04786509510079728,0.0
0.25,0.325,-0.03496079426892167,0.0
0.275,0.325,-0.025535458215218448,0.0
0.30000000000000004,0.325,-0.018651167397555797,0.0
0.325,0.325,-0.013622862858373526,0.0
0.35000000000000003,0.325,-0.009950175691542667,0.0
0.375,0.325,-0.007267635101509583,0.0
0.4,0.325,-0.005308300235702196,0.0
0.42500000000000004,0.325,-0.0038771967770510406,0.0
0.45,0.325,-0.002831914959683218,0.0
0.47500000000000003,0.325,-0.002068438307373539,0.0
0.5,0.325,-0.0015107929059737387,0.0
0.525,0.325,-0.0011034872041404222,0.0
0.55,0.325,-0.0008059900234419098,0.0
0.5750000000000001,0.325,-0.0005886972820803319,0.0
0.6000000000000001,0.325,-0.000429986079044498,0.0
0.625,0.325,-0.0003140629892475573,0.0
0.65,0.325,-0.00022939245250519768,0.0
0.675,0.325,-0.00016754886461604502,0.0
0.7000000000000001,0.325,-0.00012237814159770448,0.0
0.7250000000000001,0.325,-8.93853239484954e-05,0.0
0.75,0.325,-6.528728115223611e-05,0.0
0.775,0.325,-4.768600584484277e-05,0.0
0.8,0.325,-3.48299869944346e-05,0.0
0.8250000000000001,0.325,-2.5439916229924367e-05,0.0
0.8500000000000001,0.325,-1.8581383274388837e-05,0.0
0.875,0.325,-1.3571892347019926e-05,0.0
0.9,0.325,-9.912946692885872e-06,0.0
0.925,0.325,-7.240442940705613e-06,0.0
0.9500000000000001,0.325,-5.288439008275549e-06,0.0
0.9750000000000001,0.325,-3.862690083091085e-06,0.0
0.025,0.35000000000000003,-0.6946542388413303,0.0
0.05,0.35000000000000003,-0.5073773253980562,0.0
0.07500000000000001,0.35000000000000003,-0.3705897638478045,0.0
0.1,0.35000000000000003,-0.27067976078951855,0.0
0.125,0.35000000000000003,-0.19770522569306803,0.0
0.15000000000000002,0.35000000000000003,-0.14440442888059668,0.0
0.17500000000000002,0.35000000000000003,-0.1054733834537306,0.0
0.2,0.35000000000000003,-0.07703804310861052,0.0
0.225,0.35000000000000003,-0.05626879399965069,0.0
0.25,0.35000000000000003,-0.041098878559406755,0.0
0.275,0.35000000000000003,-0.030018731498872162,0.0
0.30000000000000004,0.35000000000000003,-0.02192576226864297,0.0
0.325,0.35000000000000003,-0.01601463576430969,0.0
0.35000000000000003,0.35000000000000003,-0.01169713305841568,0.0
0.375,0.35000000000000003,-0.008543617463420887,0.0
0.4,0.35000000000000003,-0.00624028118657282,0.0
0.42500000000000004,0.35000000000000003,-0.004557918171573019,0.0
0.45,0.35000000000000003,-0.0033291156980964584,0.0
0.47500000000000003,0.35000000000000003,-0.002431595064701944,0.0
0.5,0.35000000000000003,-0.0017760435787989054,0.0
0.525,0.35000000000000003,-0.0012972270093743877,0.0
0.55,0.35000000000000003,-0.0009474980985480386,0.0
0.5750000000000001,0.35000000000000003,-0.0006920551609429622,0.0
0.6000000000000001,0.35000000000000003,-0.0005054789519068431,0.0
0.625,0.35000000000000003,-0.0003692031867412075,0.0
0.65,0.35000000000000003,-0.0002696670011395136,0.0
0.675,0.35000000000000003,-0.0001969655033193189,0.0
0.7000000000000001,0.35000000000000003,-0.00014386413366818148,0.0
0.7250000000000001,0.35000000000000003,-0.00010507875037662162,0.0
0.75,0.35000000000000003,-7.674980204711345e-05,0.0
0.775,0.35000000000000003,-5.6058261952662514e-05,0.0
0.8,0.35000000000000003,-4.0945105385734605e-05,0.0
0.8250000000000001,0.35000000000000003,-2.990641515901095e-05,0.0
0.8500000000000001,0.35000000000000003,-2.1843726111759567e-05,0.0
0.875,0.35000000000000003,-1.5954716334558785e-05,0.0
0.9,0.35000000000000003,-1.165336774567952e-05,0.0
0.925,0.35000000000000003,-8.51165116122381e-06,0.0
0.9500000000000001,0.35000000000000003,-6.2169329134252e-06,0.0
0.9750000000000001,0.35000000000000003,-4.5408645300346545e-06,0.0
0.025,0.375,-0.7304026910486456,0.0
0.05,0.375,-0.5334880910911033,0.0
0.07500000000000001,0.375,-0.38966113737534674,0.0
0.1,0.375,-0.2846095433360293,0.0
0.125,0.375,-0.20787957635076193,0.0
0.15000000000000002,0.375,-0.15183580198064886,0.0
0.17500000000000002,0.375,-0.11090127836419524,0.0
0.2,0.375,-0.08100259215794314,0.0
0.225,0.375,-0.059164511294077585,0.0
0.25,0.375,-0.04321391826377226,0.0
0.275,0.375,-0.03156356219061546,0.0
0.30000000000000004,0.375,-0.023054110763106813,0.0
0.325,0.375,-0.01683878454110677,0.0
0.35000000000000003,0.375,-0.012299093542812717,0.0
0.375,0.375,-0.008983291021129429,0.0
0.4,0.375,-0.006561419936306071,0.0
0.42500000000000004,0.375,-0.004792478778578183,0.0
0.45,0.375,-0.003500439396667034,0.0
0.47500000000000003,0.375,-0.002556730355178299,0.0
0.5,0.375,-0.0018674427317079893,0.0
0.525,0.375,-0.0013639851966187493,0.0
0.55,0.375,-0.0009962584581608496,0.0
0.5750000000000001,0.375,-0.000727669858820659,0.0
0.6000000000000001,0.375,-0.0005314920230775974,0.0
0.625,0.375,-0.00038820320392676637,0.0
0.65,0.375,-0.0002835446648218163,0.0
0.675,0.375,-0.00020710178621834087,0.0
0.7000000000000001,0.375,-0.0001512677019748575,0.0
0.7250000000000001,0.375,-0.00011048633659118023,0.0
0.75,0.375,-8.069951757030463e-05,0.0
0.775,0.375,-5.894314479967796e-05,0.0
0.8,0.375,-4.305223158055476e-05,0.0
0.8250000000000001,0.375,-3.144546580208669e-05,0.0
0.8500000000000001,0.375,-2.2967852843122233e-05,0.0
0.875,0.375,-1.6775781524225795e-05,0.0
0.9,0.375,-1.225307596973867e-05,0.0
0.925,0.375,-8.949679661920618e-06,0.0
0.9500000000000001,0.375,-6.536870109090152e-06,0.0
0.9750000000000001,0.375,-4.774547518714892e-06,0.0
0.025,0.4,-0.6946542388413304,0.0
0.05,0.4,-0.5073773253980562,0.0
0.07500000000000001,0.4,-0.37058976384780457,0.0
0.1,0.4,-0.27067976078951855,0.0
0.125,0.4,-0.19770522569306806,0.0
0.15000000000000002,0.4,-0.1444044288805967,0.0
0.17500000000000002,0.4,-0.10547338345373061,0.0
0.2,0.4,-0.07703804310861054,0.0
0.225,0.4,-0.0562687939996507,0.0
0.25,0.4,-0.041098878559406755,0.0
0.275,0.4,-0.030018731498872166,0.0
0.30000000000000004,0.4,-0.02192576226864297,0.0
0.325,0.4,-0.01601463576430969,0.0
0.35000000000000003,0.4,-0.011697133058415682,0.0
0.375,0.4,-0.008543617463420888,0.0
0.4,0.4,-0.006240281186572821,0.0
0.42500000000000004,0.4,-0.00455791817157302,0.0
0.45,0.4,-0.003329115698096459,0.0
0.47500000000000003,0.4,-0.0024315950647019443,0.0
0.5,0.4,-0.0017760435787989057,0.0
0.525,0.4,-0.001297227009374388,0.0
0.55,0.4,-0.0009474980985480387,0.0
0.5750000000000001,0.4,-0.0006920551609429622,0.0
0.6000000000000001,0.4,-0.0005054789519068431,0.0
0.625,0.4,-0.00036920318674120754,0.0
0.65,0.4,-0.00026966700113951363,0.0
0.675,0.4,-0.00019696550331931893,0.0
0.7000000000000001,0.4,-0.0001438641336681815,0.0
0.7250000000000001,0.4,-0.00010507875037662164,0.0
0.75,0.4,-7.674980204711346e-05,0.0
0.775,0.4,-5.605826195266252e-05,0.0
0.8,0.4,-4.0945105385734605e-05,0.0
0.8250000000000001,0.4,-2.9906415159010954e-05,0.0
0.8500000000000001,0.4,-2.184372611175957e-05,0.0
0.875,0.4,-1.595471633455879e-05,0.0
0.9,0.4,-1.165336774567952e-05,0.0
0.925,0.4,-8.511651161223812e-06,0.0
0.9500000000000001,0.4,-6.216932913425201e-06,0.0
0.9750000000000001,0.4,-4.540864530034655e-06,0.0
0.025,0.42500000000000004,-0.5909081897955483,0.0
0.05,0.42500000000000004,-0.43160093198935234,0.0
0.07500000000000001,0.42500000000000004,-0.31524248218412637,0.0
0.1,0.42500000000000004,-0.23025395732014065,0.0
0.125,0.42500000000000004,-0.16817811005123073,0.0
0.15000000000000002,0.42500000000000004,-0.12283774415689416,0.0
0.17500000000000002,0.42500000000000004,-0.08972101889454057,0.0
0.2,0.42500000000000004,-0.06553247364419881,0.0
0.225,0.42500000000000004,-0.047865095100797256,0.0
0.25,0.42500000000000004,-0.03496079426892166,0.0
0.275,0.42500000000000004,-0.025535458215218434,0.0
0.30000000000000004,0.42500000000000004,-0.01865116739755579,0.0
0.325,0.42500000000000004,-0.01362286285837352,0.0
0.35000000000000003,0.42500000000000004,-0.009950175691542664,0.0
0.375,0.42500000000000004,-0.007267635101509579,0.0
0.4,0.42500000000000004,-0.005308300235702193,0.0
0.42500000000000004,0.42500000000000004,-0.003877196777051039,0.0
0.45,0.42500000000000004,-0.0028319149596832166,0.0
0.47500000000000003,0.42500000000000004,-0.002068438307373538,0.0
0.5,0.42500000000000004,-0.001510792905973738,0.0
0.525,0.42500000000000004,-0.0011034872041404218,0.0
0.55,0.42500000000000004,-0.0008059900234419095,0.0
0.5750000000000001,0.42500000000000004,-0.0005886972820803315,0.0
0.6000000000000001,0.42500000000000004,-0.0004299860790444978,0.0
0.625,0.42500000000000004,-0.0003140629892475572,0.0
0.65,0.42500000000000004,-0.0002293924525051976,0.0
0.675,0.42500000000000004,-0.00016754886461604497,0.0
0.7000000000000001,0.42500000000000004,-0.00012237814159770443,0.0
0.7250000000000001,0.42500000000000004,-8.938532394849536e-05,0.0
0.75,0.42500000000000004,-6.528728115223608e-05,0.0
0.775,0.42500000000000004,-4.768600584484275e-05,0.0
0.8,0.42500000000000004,-3.482998699443459e-05,0.0
0.8250000000000001,0.42500000000000004,-2.5439916229924357e-05,0.0
0.8500000000000001,0.42500000000000004,-1.858138327438883e-05,0.0
0.875,0.42500000000000004,-1.357189234701992e-05,0.0
0.9,0.42500000000000004,-9.912946692885867e-06,0.0
0.925,0.42500000000000004,-7.24044294070561e-06,0.0
0.9500000000000001,0.42500000000000004,-5.288439008275547e-06,0.0
0.9750000000000001,0.42500000000000004,-3.862690083091083e-06,0.0
0.025,0.45,-0.42931993003312957,0.0
0.05,0.45,-0.3135764322170141,0.0
0.07500000000000001,0.45,-0.22903706994074027,0.0
0.1,0.45,-0.16728929223461356,0.0
0.125,0.45,-0.12218854923178506,0.0
0.15000000000000002,0.45,-0.0892468451742257,0.0
0.17500000000000002,0.45,-0.06518613588285631,0.0
0.2,0.45,-0.047612129067900924,0.0
0.225,0.45,-0.034776027197750276,0.0
0.25,0.45,-0.025400503849217694,0.0
0.275,0.45,-0.018552596365460076,0.0
0.30000000000000004,0.45,-0.013550866311271361,0.0
0.325,0.45,-0.009897589219793041,0.0
0.35000000000000003,0.45,-0.007229225801030902,0.0
0.375,0.45,-0.005280245979271271,0.0
0.4,0.45,-0.0038567058726585277,0.0
0.42500000000000004,0.45,-0.0028169483479729015,0.0
0.45,0.45,-0.0020575066539044455,0.0
0.47500000000000003,0.45,-0.0015028083968623013,0.0
0.5,0.45,-0.001097655297198726,0.0
0.525,0.45,-0.0008017303829177503,0.0
0.55,0.45,-0.0005855860291785854,0.0
0.5750000000000001,0.45,-0.00042771361155252946,0.0
0.6000000000000001,0.45,-0.0003124031728761026,0.0
0.625,0.45,-0.0002281801181608408,0.0
0.65,0.45,-0.00016666337234847605,0.0
0.675,0.45,-0.00012173137566256935,0.0
0.7000000000000001,0.45,-8.891292436899426e-05,0.0
0.7250000000000001,0.45,-6.494223922811799e-05,0.0
0.75,0.45,-4.743398629494238e-05,0.0
0.775,0.45,-3.464591123699049e-05,0.0
0.8,0.45,-2.5305466801330364e-05,0.0
0.8250000000000001,0.45,-1.8483181049933864e-05,0.0
0.8500000000000001,0.45,-1.3500165178011e-05,0.0
0.875,0.45,-9.86055697562047e-06,0.0
0.9,0.45,-7.202177350231685e-06,0.0
0.925,0.45,-5.260489718018827e-06,0.0
0.9500000000000001,0.45,-3.842275846274682e-06,0.0
0.9750000000000001,0.45,-2.806408617870235e-06,0.0
0.025,0.47500000000000003,-0.22570684427122592,0.0
0.05,0.47500000000000003,-0.164856886443801,0.0
0.07500000000000001,0.47500000000000003,-0.12041191349645322,0.0
0.1,0.47500000000000003,-0.08794918565212617,0.0
0.125,0.47500000000000003,-0.0642383218758499,0.0
0.15000000000000002,0.47500000000000003,-0.04691984316656983,0.0
0.17500000000000002,0.47500000000000003,-0.03427037971244302,0.0
0.2,0.47500000000000003,-0.025031177565227294,0.0
0.225,0.47500000000000003,-0.018282839453758498,0.0
0.25,0.47500000000000003,-0.013353835137035558,0.0
0.275,0.47500000000000003,-0.009753677119910726,0.0
0.30000000000000004,0.47500000000000003,-0.0071241120160023975,0.0
0.325,0.47500000000000003,-0.005203470587820146,0.0
0.35000000000000003,0.47500000000000003,-0.003800628920136312,0.0
0.375,0.47500000000000003,-0.0027759895909448703,0.0
0.4,0.47500000000000003,-0.002027590267549162,0.0
0.42500000000000004,0.47500000000000003,-0.0014809573877619501,0.0
0.45,0.47500000000000003,-0.0010816952613497018,0.0
0.47500000000000003,0.47500000000000003,-0.0007900731297843903,0.0
0.5,0.47500000000000003,-0.0005770715401197446,0.0
0.525,0.47500000000000003,-0.0004214946058310479,0.0
0.55,0.47500000000000003,-0.00030786079436148525,0.0
0.5750000000000001,0.47500000000000003,-0.0002248623526700025,0.0
0.6000000000000001,0.47500000000000003,-0.00016424006750569945,0.0
0.625,0.47500000000000003,-0.00011996138728417421,0.0
0.65,0.47500000000000003,-8.762012009428962e-05,0.0
0.675,0.47500000000000003,-6.399797150687464e-05,0.0
0.7000000000000001,0.47500000000000003,-4.674429061027579e-05,0.0
0.7250000000000001,0.47500000000000003,-3.414215565290531e-05,0.0
0.75,0.47500000000000003,-2.493752236708381e-05,0.0
0.775,0.47500000000000003,-1.8214433445003805e-05,0.0
0.8,0.47500000000000003,-1.3303871204157233e-05,0.0
0.8250000000000001,0.47500000000000003,-9.71718332888103e-06,0.0
0.8500000000000001,0.47500000000000003,-7.097456852827727e-06,0.0
0.875,0.47500000000000003,-5.184001584907033e-06,0.0
0.9,0.47500000000000003,-3.78640870801654e-06,0.0
0.925,0.47500000000000003,-2.765603109745307e-06,0.0
0.9500000000000001,0.47500000000000003,-2.020003953730475e-06,0.0
0.9750000000000001,0.47500000000000003,-1.47541632373364e-06,0.0
0.025,0.5,-1.788970635362674e-16,0.0
0.05,0.5,-1.3066689662759025e-16,0.0
0.07500000000000001,0.5,-9.543945292776709e-17,0.0
0.1,0.5,-6.970923325065163e-17,0.0
0.125,0.5,-5.091581155721368e-17,0.0
0.15000000000000002,0.5,-3.71890457783146e-17,0.0
0.17500000000000002,0.5,-2.7162979114012263e-17,0.0
0.2,0.5,-1.9839913041772712e-17,0.0
0.225,0.5,-1.4491125875881908e-17,0.0
0.25,0.5,-1.0584357336068808e-17,0.0
0.275,0.5,-7.730843081285129e-18,0.0
0.30000000000000004,0.5,-5.646628590645461e-18,0.0
0.325,0.5,-4.124312717959668e-18,0.0
0.35000000000000003,0.5,-3.012409107923895e-18,0.0
0.375,0.5,-2.2002717189670626e-18,0.0
0.4,0.5,-1.6070843845717719e-18,0.0
0.42500000000000004,0.5,-1.1738187592334778e-18,0.0
0.45,0.5,-8.573603805475151e-19,0.0
0.47500000000000003,0.5,-6.262183291503959e-19,0.0
0.5,0.5,-4.573915527954357e-19,0.0
0.525,0.5,-3.340800210247049e-19,0.0
0.55,0.5,-2.4401294638203237e-19,0.0
0.5750000000000001,0.5,-1.782277126881453e-19,0.0
0.6000000000000001,0.5,-1.3017800096686618e-19,0.0
0.625,0.5,-9.508236222153233e-20,0.0
0.65,0.5,-6.944841323786929e-20,0.0
0.675,0.5,-5.0725307917998116e-20,0.0
0.7000000000000001,0.5,-3.7049901407576996e-20,0.0
0.7250000000000001,0.5,-2.7061347691181192e-20,0.0
0.75,0.5,-1.976568117704183e-20,0.0
0.775,0.5,-1.4436906722120916e-20,0.0
0.8,0.5,-1.0544755520255396e-20,0.0
0.8250000000000001,0.5,-7.701917808444604e-21,0.0
0.8500000000000001,0.5,-5.625501493523416e-21,0.0
0.875,0.5,-4.1088814293676855e-21,0.0
0.9,0.5,-3.0011380532099624e-21,0.0
0.925,0.5,-2.1920393102730503e-21,0.0
0.9500000000000001,0.5,-1.601071411107853e-21,0.0
0.9750000000000001,0.5,-1.1694268672342259e-21,0.0
0.025,0.525,0.22570684427122562,0.0
0.05,0.525,0.16485688644380078,0.0
0.07500000000000001,0.525,0.12041191349645304,0.0
0.1,0.525,0.08794918565212605,0.0
0.125,0.525,0.0642383218758498,0.0
0.15000000000000002,0.525,0.04691984316656976,0.0
0.17500000000000002,0.525,0.03427037971244297,0.0
0.2,0.525,0.025031177565227256,0.0
0.225,0.525,0.01828283945375847,0.0
0.25,0.525,0.013353835137035539,0.0
0.275,0.525,0.009753677119910712,0.0
0.30000000000000004,0.525,0.007124112016002387,0.0
0.325,0.525,0.005203470587820138,0.0
0.35000000000000003,0.525,0.0038006289201363065,0.0
0.375,0.525,0.0027759895909448664,0.0
0.4,0.525,0.002027590267549159,0.0
0.42500000000000004,0.525,0.0014809573877619482,0.0
0.45,0.525,0.0010816952613497003,0.0
0.47500000000000003,0.525,0.0007900731297843892,0.0
0.5,0.525,0.0005770715401197437,0.0
0.525,0.525,0.0004214946058310473,0.0
0.55,0.525,0.0003078607943614848,0.0
0.5750000000000001,0.525,0.00022486235267000219,0.0
0.6000000000000001,0.525,0.0001642400675056992,0.0
0.625,0.525,0.00011996138728417404,0.0
0.65,0.525,8.762012009428948e-05,0.0
0.675,0.525,6.399797150687456e-05,0.0
0.7000000000000001,0.525,4.6744290610275724e-05,0.0
0.7250000000000001,0.525,3.4142155652905264e-05,0.0
0.75,0.525,2.4937522367083778e-05,0.0
0.775,0.525,1.8214433445003782e-05,0.0
0.8,0.525,1.3303871204157214e-05,0.0
0.8250000000000001,0.525,9.717183328881015e-06,0.0
0.8500000000000001,0.525,7.097456852827717e-06,0.0
0.875,0.525,5.184001584907025e-06,0.0
0.9,0.525,3.7864087080165346e-06,0.0
0.925,0.525,2.7656031097453026e-06,0.0
0.9500000000000001,0.525,2.020003953730472e-06,0.0
0.9750000000000001,0.525,1.4754163237336378e-06,0.0
0.025,0.55,0.4293199300331299,0.0
0.05,0.55,0.3135764322170143,0.0
0.07500000000000001,0.55,0.22903706994074044,0.0
0.1,0.55,0.1672892922346137,0.0
0.125,0.55,0.12218854923178515,0.0
0.15000000000000002,0.55,0.08924684517422576,0.0
0.17500000000000002,0.55,0.06518613588285635,0.0
0.2,0.55,0.04761212906790096,0.0
0.225,0.55,0.0347760271977503,0.0
0.25,0.55,0.025400503849217715,0.0
0.275,0.55,0.01855259636546009,0.0
0.30000000000000004,0.55,0.013550866311271371,0.0
0.325,0.55,0.009897589219793048,0.0
0.35000000000000003,0.55,0.007229225801030907,0.0
0.375,0.55,0.005280245979271275,0.0
0.4,0.55,0.0038567058726585303,0.0
0.42500000000000004,0.55,0.0028169483479729036,0.0
0.45,0.55,0.002057506653904447,0.0
0.47500000000000003,0.55,0.0015028083968623026,0.0
0.5,0.55,0.0010976552971987267,0.0
0.525,0.55,0.000801730382917751,0.0
0.55,0.55,0.0005855860291785858,0.0
0.5750000000000001,0.55,0.0004277136115525298,0.0
0.6000000000000001,0.55,0.00031240317287610286,0.0
0.625,0.55,0.00022818011816084098,0.0
0.65,0.55,0.0001666633723484762,0.0
0.675,0.55,0.00012173137566256944,0.0
0.7000000000000001,0.55,8.891292436899433e-05,0.0
0.7250000000000001,0.55,6.494223922811804e-05,0.0
0.75,0.55,4.743398629494242e-05,0.0
0.775,0.55,3.464591123699052e-05,0.0
0.8,0.55,2.5305466801330384e-05,0.0
0.8250000000000001,0.55,1.8483181049933877e-05,0.0
0.8500000000000001,0.55,1.350016517801101e-05,0.0
0.875,0.55,9.860556975620478e-06,0.0
0.9,0.55,7.20217735023169e-06,0.0
0.925,0.55,5.260489718018831e-06,0.0
0.9500000000000001,0.55,3.8422758462746855e-06,0.0
0.9750000000000001,0.55,2.806408617870237e-06,0.0
0.025,0.5750000000000001,0.5909081897955488,0.0
0.05,0.5750000000000001,0.43160093198935273,0.0
0.07500000000000001,0.5750000000000001,0.31524248218412665,0.0
0.1,0.5750000000000001,0.23025395732014087,0.0
0.125,0.5750000000000001,0.1681781100512309,0.0
0.15000000000000002,0.5750000000000001,0.12283774415689429,0.0
0.17500000000000002,0.5750000000000001,0.08972101889454065,0.0
0.2,0.5750000000000001,0.06553247364419888,0.0
0.225,0.5750000000000001,0.0478650951007973,0.0
0.25,0.5750000000000001,0.034960794268921694,0.0
0.275,0.5750000000000001,0.02553545821521846,0.0
0.30000000000000004,0.5750000000000001,0.018651167397555807,0.0
0.325,0.5750000000000001,0.013622862858373533,0.0
0.35000000000000003,0.5750000000000001,0.009950175691542672,0.0
0.375,0.5750000000000001,0.007267635101509586,0.0
0.4,0.5750000000000001,0.005308300235702198,0.0
0.42500000000000004,0.5750000000000001,0.0038771967770510427,0.0
0.45,0.5750000000000001,0.0028319149596832197,0.0
0.47500000000000003,0.5750000000000001,0.0020684383073735404,0.0
0.5,0.5750000000000001,0.0015107929059737396,0.0
0.525,0.5750000000000001,0.0011034872041404229,0.0
0.55,0.5750000000000001,0.0008059900234419102,0.0
0.5750000000000001,0.5750000000000001,0.0005886972820803322,0.0
0.6000000000000001,0.5750000000000001,0.00042998607904449825,0.0
0.625,0.5750000000000001,0.00031406298924755745,0.0
0.65,0.5750000000000001,0.0002293924525051978,0.0
0.675,0.5750000000000001,0.00016754886461604513,0.0
0.7000000000000001,0.5750000000000001,0.00012237814159770456,0.0
0.7250000000000001,0.5750000000000001,8.938532394849544e-05,0.0
0.75,0.5750000000000001,6.528728115223614e-05,0.0
0.775,0.5750000000000001,4.7686005844842795e-05,0.0
0.8,0.5750000000000001,3.482998699443462e-05,0.0
0.8250000000000001,0.5750000000000001,2.543991622992438e-05,0.0
0.8500000000000001,0.5750000000000001,1.8581383274388847e-05,0.0
0.875,0.5750000000000001,1.3571892347019933e-05,0.0
0.9,0.5750000000000001,9.912946692885877e-06,0.0
0.925,0.5750000000000001,7.240442940705617e-06,0.0
0.9500000000000001,0.5750000000000001,5.288439008275552e-06,0.0
0.9750000000000001,0.5750000000000001,3.8626900830910865e-06,0.0
0.025,0.6000000000000001,0.6946542388413304,0.0
0.05,0.6000000000000001,0.5073773253980564,0.0
0.07500000000000001,0.6000000000000001,0.3705897638478046,0.0
0.1,0.6000000000000001,0.2706797607895186,0.0
0.125,0.6000000000000001,0.19770522569306806,0.0
0.15000000000000002,0.6000000000000001,0.1444044288805967,0.0
0.17500000000000002,0.6000000000000001,0.10547338345373063,0.0
0.2,0.6000000000000001,0.07703804310861055,0.0
0.225,0.6000000000000001,0.05626879399965071,0.0
0.25,0.6000000000000001,0.04109887855940676,0.0
0.275,0.6000000000000001,0.03001873149887217,0.0
0.30000000000000004,0.6000000000000001,0.021925762268642974,0.0
0.325,0.6000000000000001,0.016014635764309695,0.0
0.35000000000000003,0.6000000000000001,0.011697133058415684,0.0
0.375,0.6000000000000001,0.008543617463420888,0.0
0.4,0.6000000000000001,0.006240281186572821,0.0
0.42500000000000004,0.6000000000000001,0.00455791817157302,0.0
0.45,0.6000000000000001,0.0033291156980964592,0.0
0.47500000000000003,0.6000000000000001,0.0024315950647019443,0.0
0.5,0.6000000000000001,0.0017760435787989059,0.0
0.525,0.6000000000000001,0.0012972270093743882,0.0
0.55,0.6000000000000001,0.0009474980985480388,0.0
0.5750000000000001,0.6000000000000001,0.0006920551609429623,0.0
0.6000000000000001,0.6000000000000001,0.0005054789519068432,0.0
0.625,0.6000000000000001,0.0003692031867412076,0.0
0.65,0.6000000000000001,0.00026966700113951363,0.0
0.675,0.6000000000000001,0.00019696550331931896,0.0
0.7000000000000001,0.6000000000000001,0.0001438641336681815,0.0
0.7250000000000001,0.6000000000000001,0.00010507875037662165,0.0
0.75,0.6000000000000001,7.674980204711348e-05,0.0
0.775,0.6000000000000001,5.605826195266253e-05,0.0
0.8,0.6000000000000001,4.094510538573461e-05,0.0
0.8250000000000001,0.6000000000000001,2.990641515901096e-05,0.0
0.8500000000000001,0.6000000000000001,2.1843726111759574e-05,0.0
0.875,0.6000000000000001,1.595471633455879e-05,0.0
0.9,0.6000000000000001,1.1653367745679521e-05,0.0
0.925,0.6000000000000001,8.511651161223812e-06,0.0
0.9500000000000001,0.6000000000000001,6.216932913425202e-06,0.0
0.9750000000000001,0.6000000000000001,4.540864530034655e-06,0.0
0.025,0.625,0.7304026910486456,0.0
0.05,0.625,0.5334880910911033,0.0
0.07500000000000001,0.625,0.38966113737534674,0.0
0.1,0.625,0.2846095433360293,0.0
0.125,0.625,0.20787957635076193,0.0
0.15000000000000002,0.625,0.15183580198064886,0.0
0.17500000000000002,0.625,0.11090127836419524,0.0
0.2,0.625,0.08100259215794314,0.0
0.225,0.625,0.059164511294077585,0.0
0.25,0.625,0.04321391826377226,0.0
0.275,0.625,0.03156356219061546,0.0
0.30000000000000004,0.625,0.023054110763106813,0.0
0.325,0.625,0.01683878454110677,0.0
0.35000000000000003,0.625,0.012299093542812717,0.0
0.375,0.625,0.008983291021129429,0.0
0.4,0.625,0.006561419936306071,0.0
0.42500000000000004,0.625,0.004792478778578183,0.0
0.45,0.625,0.003500439396667034,0.0
0.47500000000000003,0.625,0.002556730355178299,0.0
0.5,0.625,0.0018674427317079893,0.0
0.525,0.625,0.0013639851966187493,0.0
0.55,0.625,0.0009962584581608496,0.0
0.5750000000000001,0.625,0.000727669858820659,0.0
0.6000000000000001,0.625,0.0005314920230775974,0.0
0.625,0.625,0.00038820320392676637,0.0
0.65,0.625,0.0002835446648218163,0.0
0.675,0.625,0.00020710178621834087,0.0
0.7000000000000001,0.625,0.0001512677019748575,0.0
0.7250000000000001,0.625,0.00011048633659118023,0.0
0.75,0.625,8.069951757030463e-05,0.0
0.775,0.625,5.894314479967796e-05,0.0
0.8,0.625,4.305223158055476e-05,0.0
0.8250000000000001,0.625,3.144546580208669e-05,0.0
0.8500000000000001,0.625,2.2967852843122233e-05,0.0
0.875,0.625,1.6775781524225795e-05,0.0
0.9,0.625,1.225307596973867e-05,0.0
0.925,0.625,8.949679661920618e-06,0.0
0.9500000000000001,0.625,6.536870109090152e-06,0.0
0.9750000000000001,0.625,4.774547518714892e-06,0.0
0.025,0.65,0.6946542388413304,0.0
0.05,0.65,0.5073773253980562,0.0
0.07500000000000001,0.65,0.37058976384780457,0.0
0.1,0.65,0.27067976078951855,0.0
0.125,0.65,0.19770522569306806,0.0
0.15000000000000002,0.65,0.1444044288805967,0.0
0.17500000000000002,0.65,0.10547338345373061,0.0
0.2,0.65,0.07703804310861054,0.0
0.225,0.65,0.0562687939996507,0.0
0.25,0.65,0.041098878559406755,0.0
0.275,0.65,0.030018731498872166,0.0
0.30000000000000004,0.65,0.02192576226864297,0.0
0.325,0.65,0.01601463576430969,0.0
0.35000000000000003,0.65,0.011697133058415682,0.0
0.375,0.65,0.008543617463420888,0.0
0.4,0.65,0.006240281186572821,0.0
0.42500000000000004,0.65,0.00455791817157302,0.0
0.45,0.65,0.003329115698096459,0.0
0.47500000000000003,0.65,0.0024315950647019443,0.0
0.5,0.65,0.0017760435787989057,0.0
0.525,0.65,0.001297227009374388,0.0
0.55,0.65,0.0009474980985480387,0.0
0.5750000000000001,0.65,0.0006920551609429622,0.0
0.6000000000000001,0.65,0.0005054789519068431,0.0
0.625,0.65,0.00036920318674120754,0.0
0.65,0.65,0.00026966700113951363,0.0
0.675,0.65,0.00019696550331931893,0.0
0.7000000000000001,0.65,0.0001438641336681815,0.0
0.7250000000000001,0.65,0.00010507875037662164,0.0
0.75,0.65,7.674980204711346e-05,0.0
0.775,0.65,5.605826195266252e-05,0.0
0.8,0.65,4.0945105385734605e-05,0.0
0.8250000000000001,0.65,2.9906415159010954e-05,0.0
0.8500000000000001,0.65,2.184372611175957e-05,0.0
0.875,0.65,1.595471633455879e-05,0.0
0.9,0.65,1.165336774567952e-05,0.0
0.925,0.65,8.511651161223812e-06,0.0
0.9500000000000001,0.65,6.216932913425201e-06,0.0
0.9750000000000001,0.65,4.540864530034655e-06,0.0
0.025,0.675,0.5909081897955488,0.0
0.05,0.675,0.4316009319893527,0.0
0.07500000000000001,0.675,0.3152424821841266,0.0
0.1,0.675,0.23025395732014084,0.0
0.125,0.675,0.16817811005123087,0.0
0.15000000000000002,0.675,0.12283774415689427,0.0
0.17500000000000002,0.675,0.08972101889454065,0.0
0.2,0.675,0.06553247364419887,0.0
0.225,0.675,0.04786509510079729,0.0
0.25,0.675,0.03496079426892169,0.0
0.275,0.675,0.025535458215218458,0.0
0.30000000000000004,0.675,0.018651167397555804,0.0
0.325,0.675,0.013622862858373531,0.0
0.35000000000000003,0.675,0.00995017569154267,0.0
0.375,0.675,0.007267635101509585,0.0
0.4,0.675,0.0053083002357021975,0.0
0.42500000000000004,0.675,0.003877196777051042,0.0
0.45,0.675,0.0028319149596832192,0.0
0.47500000000000003,0.675,0.00206843830737354,0.0
0.5,0.675,0.0015107929059737393,0.0
0.525,0.675,0.0011034872041404227,0.0
0.55,0.675,0.0008059900234419101,0.0
0.5750000000000001,0.675,0.0005886972820803321,0.0
0.6000000000000001,0.675,0.00042998607904449815,0.0
0.625,0.675,0.0003140629892475574,0.0
0.65,0.675,0.00022939245250519778,0.0
0.675,0.675,0.0001675488646160451,0.0
0.7000000000000001,0.675,0.00012237814159770454,0.0
0.7250000000000001,0.675,8.938532394849543e-05,0.0
0.75,0.675,6.528728115223614e-05,0.0
0.775,0.675,4.768600584484279e-05,0.0
0.8,0.675,3.4829986994434615e-05,0.0
0.8250000000000001,0.675,2.5439916229924377e-05,0.0
0.8500000000000001,0.675,1.8581383274388844e-05,0.0
0.875,0.675,1.3571892347019931e-05,0.0
0.9,0.675,9.912946692885875e-06,0.0
0.925,0.675,7.240442940705616e-06,0.0
0.9500000000000001,0.675,5.288439008275551e-06,0.0
0.9750000000000001,0.675,3.8626900830910865e-06,0.0
0.025,0.7000000000000001,0.4293199300331296,0.0
0.05,0.7000000000000001,0.31357643221701414,0.0
0.07500000000000001,0.7000000000000001,0.2290370699407403,0.0
0.1,0.7000000000000001,0.1672892922346136,0.0
0.125,0.7000000000000001,0.12218854923178508,0.0
0.15000000000000002,0.7000000000000001,0.08924684517422572,0.0
0.17500000000000002,0.7000000000000001,0.06518613588285631,0.0
0.2,0.7000000000000001,0.04761212906790093,0.0
0.225,0.7000000000000001,0.03477602719775028,0.0
0.25,0.7000000000000001,0.025400503849217698,0.0
0.275,0.7000000000000001,0.01855259636546008,0.0
0.30000000000000004,0.7000000000000001,0.013550866311271363,0.0
0.325,0.7000000000000001,0.009897589219793043,0.0
0.35000000000000003,0.7000000000000001,0.007229225801030903,0.0
0.375,0.7000000000000001,0.005280245979271272,0.0
0.4,0.7000000000000001,0.003856705872658528,0.0
0.42500000000000004,0.7000000000000001,0.002816948347972902,0.0
0.45,0.7000000000000001,0.002057506653904446,0.0
0.47500000000000003,0.7000000000000001,0.0015028083968623017,0.0
0.5,0.7000000000000001,0.001097655297198726,0.0
0.525,0.7000000000000001,0.0008017303829177504,0.0
0.55,0.7000000000000001,0.0005855860291785855,0.0
0.5750000000000001,0.7000000000000001,0.0004277136115525295,0.0
0.6000000000000001,0.7000000000000001,0.00031240317287610264,0.0
0.625,0.7000000000000001,0.00022818011816084084,0.0
0.65,0.7000000000000001,0.00016666337234847608,0.0
0.675,0.7000000000000001,0.00012173137566256937,0.0
0.7000000000000001,0.7000000000000001,8.891292436899428e-05,0.0
0.7250000000000001,0.7000000000000001,6.4942239228118e-05,0.0
0.75,0.7000000000000001,4.743398629494239e-05,0.0
0.775,0.7000000000000001,3.46459112369905e-05,0.0
0.8,0.7000000000000001,2.530546680133037e-05,0.0
0.8250000000000001,0.7000000000000001,1.8483181049933867e-05,0.0
0.8500000000000001,0.7000000000000001,1.3500165178011003e-05,0.0
0.875,0.7000000000000001,9.860556975620472e-06,0.0
0.9,0.7000000000000001,7.202177350231687e-06,0.0
0.925,0.7000000000000001,5.260489718018828e-06,0.0
0.9500000000000001,0.7000000000000001,3.842275846274683e-06,0.0
0.9750000000000001,0.7000000000000001,2.8064086178702355e-06,0.0
0.025,0.7250000000000001,0.22570684427122484,0.0
0.05,0.7250000000000001,0.1648568864438002,0.0
0.07500000000000001,0.7250000000000001,0.12041191349645264,0.0
0.1,0.7250000000000001,0.08794918565212574,0.0
0.125,0.7250000000000001,0.06423832187584959,0.0
0.15000000000000002,0.7250000000000001,0.0469198431665696,0.0
0.17500000000000002,0.7250000000000001,0.03427037971244285,0.0
0.2,0.7250000000000001,0.025031177565227172,0.0
0.225,0.7250000000000001,0.018282839453758408,0.0
0.25,0.7250000000000001,0.013353835137035494,0.0
0.275,0.7250000000000001,0.00975367711991068,0.0
0.30000000000000004,0.7250000000000001,0.007124112016002363,0.0
0.325,0.7250000000000001,0.005203470587820121,0.0
0.35000000000000003,0.7250000000000001,0.0038006289201362935,0.0
0.375,0.7250000000000001,0.002775989590944857,0.0
0.4,0.7250000000000001,0.0020275902675491522,0.0
0.42500000000000004,0.7250000000000001,0.001480957387761943,0.0
0.45,0.7250000000000001,0.0010816952613496966,0.0
0.47500000000000003,0.7250000000000001,0.0007900731297843864,0.0
0.5,0.7250000000000001,0.0005770715401197418,0.0
0.525,0.7250000000000001,0.0004214946058310458,0.0
0.55,0.7250000000000001,0.00030786079436148373,0.0
0.5750000000000001,0.7250000000000001,0.00022486235267000143,0.0
0.6000000000000001,0.7250000000000001,0.00016424006750569864,0.0
0.625,0.7250000000000001,0.00011996138728417363,0.0
0.65,0.7250000000000001,8.762012009428919e-05,0.0
0.675,0.7250000000000001,6.399797150687434e-05,0.0
0.7000000000000001,0.7250000000000001,4.674429061027556e-05,0.0
0.7250000000000001,0.7250000000000001,3.414215565290515e-05,0.0
0.75,0.7250000000000001,2.493752236708369e-05,0.0
0.775,0.7250000000000001,1.8214433445003717e-05,0.0
0.8,0.7250000000000001,1.3303871204157169e-05,0.0
0.8250000000000001,0.7250000000000001,9.717183328880983e-06,0.0
0.8500000000000001,0.7250000000000001,7.0974568528276935e-06,0.0
0.875,0.7250000000000001,5.184001584907008e-06,0.0
0.9,0.7250000000000001,3.786408708016522e-06,0.0
0.925,0.7250000000000001,2.7656031097452933e-06,0.0
0.9500000000000001,0.7250000000000001,2.020003953730465e-06,0.0
0.9750000000000001,0.7250000000000001,1.4754163237336327e-06,0.0
0.025,0.75,2.683455953044011e-16,0.0
0.05,0.75,1.9600034494138536e-16,0.0
0.07500000000000001,0.75,1.4315917939165063e-16,0.0
0.1,0.75,1.0456384987597745e-16,0.0
0.125,0.75,7.637371733582052e-17,0.0
0.15000000000000002,0.75,5.578356866747189e-17,0.0
0.17500000000000002,0.75,4.074446867101839e-17,0.0
0.2,0.75,2.9759869562659065e-17,0.0
0.225,0.75,2.173668881382286e-17,0.0
0.25,0.75,1.5876536004103212e-17,0.0
0.275,0.75,1.1596264621927691e-17,0.0
0.30000000000000004,0.75,8.46994288596819e-18,0.0
0.325,0.75,6.186469076939501e-18,0.0
0.35000000000000003,0.75,4.518613661885842e-18,0.0
0.375,0.75,3.300407578450594e-18,0.0
0.4,0.75,2.410626576857658e-18,0.0
0.42500000000000004,0.75,1.7607281388502163e-18,0.0
0.45,0.75,1.2860405708212726e-18,0.0
0.47500000000000003,0.75,9.393274937255939e-19,0.0
0.5,0.75,6.860873291931535e-19,0.0
0.525,0.75,5.011200315370573e-19,0.0
0.55,0.75,3.660194195730485e-19,0.0
0.5750000000000001,0.75,2.6734156903221795e-19,0.0
0.6000000000000001,0.75,1.9526700145029924e-19,0.0
0.625,0.75,1.4262354333229848e-19,0.0
0.65,0.75,1.0417261985680393e-19,0.0
0.675,0.75,7.608796187699717e-20,0.0
0.7000000000000001,0.75,5.55748521113655e-20,0.0
0.7250000000000001,0.75,4.059202153677179e-20,0.0
0.75,0.75,2.9648521765562746e-20,0.0
0.775,0.75,2.165536008318137e-20,0.0
0.8,0.75,1.5817133280383094e-20,0.0
0.8250000000000001,0.75,1.1552876712666905e-20,0.0
0.8500000000000001,0.75,8.438252240285123e-21,0.0
0.875,0.75,6.163322144051527e-21,0.0
0.9,0.75,4.501707079814944e-21,0.0
0.925,0.75,3.288058965409575e-21,0.0
0.9500000000000001,0.75,2.4016071166617793e-21,0.0
0.9750000000000001,0.75,1.754140300851339e-21,0.0
0.025,0.775,-0.22570684427122553,0.0
0.05,0.775,-0.1648568864438007,0.0
0.07500000000000001,0.775,-0.120411913496453,0.0
0.1,0.775,-0.08794918565212602,0.0
0.125,0.775,-0.06423832187584978,0.0
0.15000000000000002,0.775,-0.04691984316656975,0.0
0.17500000000000002,0.775,-0.034270379712442955,0.0
0.2,0.775,-0.02503117756522725,0.0
0.225,0.775,-0.018282839453758463,0.0
0.25,0.775,-0.013353835137035534,0.0
0.275,0.775,-0.009753677119910709,0.0
0.30000000000000004,0.775,-0.0071241120160023845,0.0
0.325,0.775,-0.005203470587820136,0.0
0.35000000000000003,0.775,-0.003800628920136305,0.0
0.375,0.775,-0.002775989590944865,0.0
0.4,0.775,-0.0020275902675491587,0.0
0.42500000000000004,0.775,-0.0014809573877619475,0.0
0.45,0.775,-0.0010816952613496998,0.0
0.47500000000000003,0.775,-0.0007900731297843889,0.0
0.5,0.775,-0.0005770715401197435,0.0
0.525,0.775,-0.0004214946058310471,0.0
0.55,0.775,-0.0003078607943614847,0.0
0.5750000000000001,0.775,-0.0002248623526700021,0.0
0.6000000000000001,0.775,-0.00016424006750569915,0.0
0.625,0.775,-0.000119961387284174,0.0
0.65,0.775,-8.762012009428946e-05,0.0
0.675,0.775,-6.399797150687453e-05,0.0
0.7000000000000001,0.775,-4.6744290610275704e-05,0.0
0.7250000000000001,0.775,-3.414215565290525e-05,0.0
0.75,0.775,-2.4937522367083767e-05,0.0
0.775,0.775,-1.8214433445003775e-05,0.0
0.8,0.775,-1.330387120415721e-05,0.0
0.8250000000000001,0.775,-9.717183328881012e-06,0.0
0.8500000000000001,0.775,-7.097456852827715e-06,0.0
0.875,0.775,-5.184001584907024e-06,0.0
0.9,0.775,-3.7864087080165333e-06,0.0
0.925,0.775,-2.7656031097453017e-06,0.0
0.9500000000000001,0.775,-2.020003953730471e-06,0.0
0.9750000000000001,0.775,-1.4754163237336372e-06,0.0
0.025,0.8,-0.42931993003312924,0.0
0.05,0.8,-0.31357643221701387,0.0
0.07500000000000001,0.8,-0.22903706994074008,0.0
0.1,0.8,-0.16728929223461345,0.0
0.125,0.8,-0.12218854923178496,0.0
0.15000000000000002,0.8,-0.08924684517422563,0.0
0.17500000000000002,0.8,-0.06518613588285625,0.0
0.2,0.8,-0.04761212906790089,0.0
0.225,0.8,-0.03477602719775025,0.0
0.25,0.8,-0.025400503849217677,0.0
0.275,0.8,-0.018552596365460063,0.0
0.30000000000000004,0.8,-0.01355086631127135,0.0
0.325,0.8,-0.009897589219793033,0.0
0.35000000000000003,0.8,-0.007229225801030896,0.0
0.375,0.8,-0.005280245979271267,0.0
0.4,0.8,-0.0038567058726585246,0.0
0.42500000000000004,0.8,-0.0028169483479728993,0.0
0.45,0.8,-0.002057506653904444,0.0
0.47500000000000003,0.8,-0.0015028083968623002,0.0
0.5,0.8,-0.0010976552971987252,0.0
0.525,0.8,-0.0008017303829177497,0.0
0.55,0.8,-0.0005855860291785849,0.0
0.5750000000000001,0.8,-0.00042771361155252913,0.0
0.6000000000000001,0.8,-0.0003124031728761024,0.0
0.625,0.8,-0.00022818011816084065,0.0
0.65,0.8,-0.00016666337234847595,0.0
0.675,0.8,-0.00012173137566256925,0.0
0.7000000000000001,0.8,-8.89129243689942e-05,0.0
0.7250000000000001,0.8,-6.494223922811795e-05,0.0
0.75,0.8,-4.743398629494235e-05,0.0
0.775,0.8,-3.4645911236990464e-05,0.0
0.8,0.8,-2.5305466801330347e-05,0.0
0.8250000000000001,0.8,-1.848318104993385e-05,0.0
0.8500000000000001,0.8,-1.350016517801099e-05,0.0
0.875,0.8,-9.860556975620463e-06,0.0
0.9,0.8,-7.20217735023168e-06,0.0
0.925,0.8,-5.260489718018823e-06,0.0
0.9500000000000001,0.8,-3.8422758462746795e-06,0.0
0.9750000000000001,0.8,-2.806408617870233e-06,0.0
0.025,0.8250000000000001,-0.5909081897955485,0.0
0.05,0.8250000000000001,-0.43160093198935245,0.0
0.07500000000000001,0.8250000000000001,-0.3152424821841264,0.0
0.1,0.8250000000000001,-0.2302539573201407,0.0
0.125,0.8250000000000001,-0.1681781100512308,0.0
0.15000000000000002,0.8250000000000001,-0.1228377441568942,0.0
0.17500000000000002,0.8250000000000001,-0.0897210188945406,0.0
0.2,0.8250000000000001,-0.06553247364419883,0.0
0.225,0.8250000000000001,-0.04786509510079727,0.0
0.25,0.8250000000000001,-0.03496079426892167,0.0
0.275,0.8250000000000001,-0.02553545821521844,0.0
0.30000000000000004,0.8250000000000001,-0.018651167397555794,0.0
0.325,0.8250000000000001,-0.013622862858373525,0.0
0.35000000000000003,0.8250000000000001,-0.009950175691542665,0.0
0.375,0.8250000000000001,-0.007267635101509581,0.0
0.4,0.8250000000000001,-0.005308300235702195,0.0
0.42500000000000004,0.8250000000000001,-0.0038771967770510397,0.0
0.45,0.8250000000000001,-0.0028319149596832175,0.0
0.47500000000000003,0.8250000000000001,-0.002068438307373539,0.0
0.5,0.8250000000000001,-0.0015107929059737385,0.0
0.525,0.8250000000000001,-0.001103487204140422,0.0
0.55,0.8250000000000001,-0.0008059900234419097,0.0
0.5750000000000001,0.8250000000000001,-0.0005886972820803318,0.0
0.6000000000000001,0.8250000000000001,-0.00042998607904449793,0.0
0.625,0.8250000000000001,-0.00031406298924755723,0.0
0.65,0.8250000000000001,-0.00022939245250519765,0.0
0.675,0.8250000000000001,-0.000167548864616045,0.0
0.7000000000000001,0.8250000000000001,-0.00012237814159770448,0.0
0.7250000000000001,0.8250000000000001,-8.938532394849539e-05,0.0
0.75,0.8250000000000001,-6.52872811522361e-05,0.0
0.775,0.8250000000000001,-4.768600584484276e-05,0.0
0.8,0.8250000000000001,-3.4829986994434595e-05,0.0
0.8250000000000001,0.8250000000000001,-2.5439916229924363e-05,0.0
0.8500000000000001,0.8250000000000001,-1.8581383274388834e-05,0.0
0.875,0.8250000000000001,-1.3571892347019923e-05,0.0
0.9,0.8250000000000001,-9.91294669288587e-06,0.0
0.925,0.8250000000000001,-7.240442940705612e-06,0.0
0.9500000000000001,0.8250000000000001,-5.288439008275548e-06,0.0
0.9750000000000001,0.8250000000000001,-3.862690083091084e-06,0.0
0.025,0.8500000000000001,-0.6946542388413306,0.0
0.05,0.8500000000000001,-0.5073773253980565,0.0
0.07500000000000001,0.8500000000000001,-0.3705897638478047,0.0
0.1,0.8500000000000001,-0.27067976078951866,0.0
0.125,0.8500000000000001,-0.19770522569306812,0.0
0.15000000000000002,0.8500000000000001,-0.14440442888059674,0.0
0.17500000000000002,0.8500000000000001,-0.10547338345373065,0.0
0.2,0.8500000000000001,-0.07703804310861057,0.0
0.225,0.8500000000000001,-0.05626879399965072,0.0
0.25,0.8500000000000001,-0.04109887855940677,0.0
0.275,0.8500000000000001,-0.030018731498872176,0.0
0.30000000000000004,0.8500000000000001,-0.02192576226864298,0.0
0.325,0.8500000000000001,-0.016014635764309698,0.0
0.35000000000000003,0.8500000000000001,-0.011697133058415686,0.0
0.375,0.8500000000000001,-0.008543617463420892,0.0
0.4,0.8500000000000001,-0.006240281186572823,0.0
0.42500000000000004,0.8500000000000001,-0.004557918171573022,0.0
0.45,0.8500000000000001,-0.00332911569809646,0.0
0.47500000000000003,0.8500000000000001,-0.002431595064701945,0.0
0.5,0.8500000000000001,-0.001776043578798906,0.0
0.525,0.8500000000000001,-0.0012972270093743884,0.0
0.55,0.8500000000000001,-0.000947498098548039,0.0
0.5750000000000001,0.8500000000000001,-0.0006920551609429625,0.0
0.6000000000000001,0.8500000000000001,-0.0005054789519068433,0.0
0.625,0.8500000000000001,-0.00036920318674120764,0.0
0.65,0.8500000000000001,-0.0002696670011395137,0.0
0.675,0.8500000000000001,-0.000196965503319319,0.0
0.7000000000000001,0.8500000000000001,-0.00014386413366818153,0.0
0.7250000000000001,0.8500000000000001,-0.00010507875037662166,0.0
0.75,0.8500000000000001,-7.674980204711349e-05,0.0
0.775,0.8500000000000001,-5.605826195266254e-05,0.0
0.8,0.8500000000000001,-4.094510538573462e-05,0.0
0.8250000000000001,0.8500000000000001,-2.9906415159010968e-05,0.0
0.8500000000000001,0.8500000000000001,-2.1843726111759577e-05,0.0
0.875,0.8500000000000001,-1.5954716334558792e-05,0.0
0.9,0.8500000000000001,-1.1653367745679525e-05,0.0
0.925,0.8500000000000001,-8.511651161223814e-06,0.0
0.9500000000000001,0.8500000000000001,-6.216932913425203e-06,0.0
0.9750000000000001,0.8500000000000001,-4.540864530034656e-06,0.0
0.025,0.875,-0.7304026910486456,0.0
0.05,0.875,-0.5334880910911033,0.0
0.07500000000000001,0.875,-0.38966113737534674,0.0
0.1,0.875,-0.2846095433360293,0.0
0.125,0.875,-0.20787957635076193,0.0
0.15000000000000002,0.875,-0.15183580198064886,0.0
0.17500000000000002,0.875,-0.11090127836419524,0.0
0.2,0.875,-0.08100259215794314,0.0
0.225,0.875,-0.059164511294077585,0.0
0.25,0.875,-0.04321391826377226,0.0
0.275,0.875,-0.03156356219061546,0.0
0.30000000000000004,0.875,-0.023054110763106813,0.0
0.325,0.875,-0.01683878454110677,0.0
0.35000000000000003,0.875,-0.012299093542812717,0.0
0.375,0.875,-0.008983291021129429,0.0
0.4,0.875,-0.006561419936306071,0.0
0.42500000000000004,0.875,-0.004792478778578183,0.0
0.45,0.875,-0.003500439396667034,0.0
0.47500000000000003,0.875,-0.002556730355178299,0.0
0.5,0.875,-0.0018674427317079893,0.0
0.525,0.875,-0.0013639851966187493,0.0
0.55,0.875,-0.0009962584581608496,0.0
0.5750000000000001,0.875,-0.000727669858820659,0.0
0.6000000000000001,0.875,-0.0005314920230775974,0.0
0.625,0.875,-0.00038820320392676637,0.0
0.65,0.875,-0.0002835446648218163,0.0
0.675,0.875,-0.00020710178621834087,0.0
0.7000000000000001,0.875,-0.0001512677019748575,0.0
0.7250000000000001,0.875,-0.00011048633659118023,0.0
0.75,0.875,-8.069951757030463e-05,0.0
0.775,0.875,-5.894314479967796e-05,0.0
0.8,0.875,-4.305223158055476e-05,0.0
0.8250000000000001,0.875,-3.144546580208669e-05,0.0
0.8500000000000001,0.875,-2.2967852843122233e-05,0.0
0.875,0.875,-1.6775781524225795e-05,0.0
0.9,0.875,-1.225307596973867e-05,0.0
0.925,0.875,-8.949679661920618e-06,0.0
0.9500000000000001,0.875,-6.536870109090152e-06,0.0
0.9750000000000001,0.875,-4.774547518714892e-06,0.0
0.025,0.9,-0.6946542388413304,0.0
0.05,0.9,-0.5073773253980564,0.0
0.07500000000000001,0.9,-0.3705897638478046,0.0
0.1,0.9,-0.2706797607895186,0.0
0.125,0.9,-0.19770522569306806,0.0
0.15000000000000002,0.9,-0.1444044288805967,0.0
0.17500000000000002,0.9,-0.10547338345373063,0.0
0.2,0.9,-0.07703804310861055,0.0
0.225,0.9,-0.05626879399965071,0.0
0.25,0.9,-0.04109887855940676,0.0
0.275,0.9,-0.03001873149887217,0.0
0.30000000000000004,0.9,-0.021925762268642974,0.0
0.325,0.9,-0.016014635764309695,0.0
0.35000000000000003,0.9,-0.011697133058415684,0.0
0.375,0.9,-0.008543617463420888,0.0
0.4,0.9,-0.006240281186572821,0.0
0.42500000000000004,0.9,-0.00455791817157302,0.0
0.45,0.9,-0.0033291156980964592,0.0
0.47500000000000003,0.9,-0.0024315950647019443,0.0
0.5,0.9,-0.0017760435787989059,0.0
0.525,0.9,-0.0012972270093743882,0.0
0.55,0.9,-0.0009474980985480388,0.0
0.5750000000000001,0.9,-0.0006920551609429623,0.0
0.6000000000000001,0.9,-0.0005054789519068432,0.0
0.625,0.9,-0.0003692031867412076,0.0
0.65,0.9,-0.00026966700113951363,0.0
0.675,0.9,-0.00019696550331931896,0.0
0.7000000000000001,0.9,-0.0001438641336681815,0.0
0.7250000000000001,0.9,-0.00010507875037662165,0.0
0.75,0.9,-7.674980204711348e-05,0.0
0.775,0.9,-5.605826195266253e-05,0.0
0.8,0.9,-4.094510538573461e-05,0.0
0.8250000000000001,0.9,-2.990641515901096e-05,0.0
0.8500000000000001,0.9,-2.1843726111759574e-05,0.0
0.875,0.9,-1.595471633455879e-05,0.0
0.9,0.9,-1.1653367745679521e-05,0.0
0.925,0.9,-8.511651161223812e-06,0.0
0.9500000000000001,0.9,-6.216932913425202e-06,0.0
0.9750000000000001,0.9,-4.540864530034655e-06,0.0
0.025,0.925,-0.5909081897955488,0.0
0.05,0.925,-0.4316009319893527,0.0
0.07500000000000001,0.925,-0.3152424821841266,0.0
0.1,0.925,-0.23025395732014084,0.0
0.125,0.925,-0.16817811005123087,0.0
0.15000000000000002,0.925,-0.12283774415689427,0.0
0.17500000000000002,0.925,-0.08972101889454065,0.0
0.2,0.925,-0.06553247364419887,0.0
0.225,0.925,-0.04786509510079729,0.0
0.25,0.925,-0.03496079426892169,0.0
0.275,0.925,-0.025535458215218458,0.0
0.30000000000000004,0.925,-0.018651167397555804,0.0
0.325,0.925,-0.013622862858373531,0.0
0.35000000000000003,0.925,-0.00995017569154267,0.0
0.375,0.925,-0.007267635101509585,0.0
0.4,0.925,-0.0053083002357021975,0.0
0.42500000000000004,0.925,-0.003877196777051042,0.0
0.45,0.925,-0.0028319149596832192,0.0
0.47500000000000003,0.925,-0.00206843830737354,0.0
0.5,0.925,-0.0015107929059737393,0.0
0.525,0.925,-0.0011034872041404227,0.0
0.55,0.925,-0.0008059900234419101,0.0
0.5750000000000001,0.925,-0.0005886972820803321,0.0
0.6000000000000001,0.925,-0.00042998607904449815,0.0
0.625,0.925,-0.0003140629892475574,0.0
0.65,0.925,-0.00022939245250519778,0.0
0.675,0.925,-0.0001675488646160451,0.0
0.7000000000000001,0.925,-0.00012237814159770454,0.0
0.7250000000000001,0.925,-8.938532394849543e-05,0.0
0.75,0.925,-6.528728115223614e-05,0.0
0.775,0.925,-4.768600584484279e-05,0.0
0.8,0.925,-3.4829986994434615e-05,0.0
0.8250000000000001,0.925,-2.5439916229924377e-05,0.0
0.8500000000000001,0.925,-1.8581383274388844e-05,0.0
0.875,0.925,-1.3571892347019931e-05,0.0
0.9,0.925,-9.912946692885875e-06,0.0
0.925,0.925,-7.240442940705616e-06,0.0
0.9500000000000001,0.925,-5.288439008275551e-06,0.0
0.9750000000000001,0.925,-3.8626900830910865e-06,0.0
0.025,0.9500000000000001,-0.42931993003312974,0.0
0.05,0.9500000000000001,-0.3135764322170142,0.0
0.07500000000000001,0.9500000000000001,-0.22903706994074036,0.0
0.1,0.9500000000000001,-0.16728929223461364,0.0
0.125,0.9500000000000001,-0.1221885492317851,0.0
0.15000000000000002,0.9500000000000001,-0.08924684517422574,0.0
0.17500000000000002,0.9500000000000001,-0.06518613588285632,0.0
0.2,0.9500000000000001,-0.047612129067900945,0.0
0.225,0.9500000000000001,-0.03477602719775029,0.0
0.25,0.9500000000000001,-0.025400503849217704,0.0
0.275,0.9500000000000001,-0.018552596365460083,0.0
0.30000000000000004,0.9500000000000001,-0.013550866311271366,0.0
0.325,0.9500000000000001,-0.009897589219793045,0.0
0.35000000000000003,0.9500000000000001,-0.0072292258010309045,0.0
0.375,0.9500000000000001,-0.005280245979271273,0.0
0.4,0.9500000000000001,-0.003856705872658529,0.0
0.42500000000000004,0.9500000000000001,-0.0028169483479729023,0.0
0.45,0.9500000000000001,-0.0020575066539044464,0.0
0.47500000000000003,0.9500000000000001,-0.001502808396862302,0.0
0.5,0.9500000000000001,-0.0010976552971987262,0.0
0.525,0.9500000000000001,-0.0008017303829177506,0.0
0.55,0.9500000000000001,-0.0005855860291785856,0.0
0.5750000000000001,0.9500000000000001,-0.0004277136115525296,0.0
0.6000000000000001,0.9500000000000001,-0.0003124031728761027,0.0
0.625,0.9500000000000001,-0.0002281801181608409,0.0
0.65,0.9500000000000001,-0.0001666633723484761,0.0
0.675,0.9500000000000001,-0.0001217313756625694,0.0
0.7000000000000001,0.9500000000000001,-8.891292436899429e-05,0.0
0.7250000000000001,0.9500000000000001,-6.494223922811802e-05,0.0
0.75,0.9500000000000001,-4.7433986294942404e-05,0.0
0.775,0.9500000000000001,-3.4645911236990505e-05,0.0
0.8,0.9500000000000001,-2.5305466801330374e-05,0.0
0.8250000000000001,0.9500000000000001,-1.848318104993387e-05,0.0
0.8500000000000001,0.9500000000000001,-1.3500165178011005e-05,0.0
0.875,0.9500000000000001,-9.860556975620475e-06,0.0
0.9,0.9500000000000001,-7.202177350231688e-06,0.0
0.925,0.9500000000000001,-5.260489718018829e-06,0.0
0.9500000000000001,0.9500000000000001,-3.842275846274684e-06,0.0
0.9750000000000001,0.9500000000000001,-2.806408617870236e-06,0.0
0.025,0.9750000000000001,-0.22570684427122487,0.0
0.05,0.9750000000000001,-0.16485688644380023,0.0
0.07500000000000001,0.9750000000000001,-0.12041191349645265,0.0
0.1,0.9750000000000001,-0.08794918565212576,0.0
0.125,0.9750000000000001,-0.06423832187584959,0.0
0.15000000000000002,0.9750000000000001,-0.04691984316656961,0.0
0.17500000000000002,0.9750000000000001,-0.03427037971244286,0.0
0.2,0.9750000000000001,-0.025031177565227176,0.0
0.225,0.9750000000000001,-0.01828283945375841,0.0
0.25,0.9750000000000001,-0.013353835137035495,0.0
0.275,0.9750000000000001,-0.009753677119910681,0.0
0.30000000000000004,0.9750000000000001,-0.0071241120160023645,0.0
0.325,0.9750000000000001,-0.0052034705878201215,0.0
0.35000000000000003,0.9750000000000001,-0.0038006289201362943,0.0
0.375,0.9750000000000001,-0.0027759895909448573,0.0
0.4,0.9750000000000001,-0.0020275902675491527,0.0
0.42500000000000004,0.9750000000000001,-0.0014809573877619432,0.0
0.45,0.9750000000000001,-0.0010816952613496968,0.0
0.47500000000000003,0.9750000000000001,-0.0007900731297843867,0.0
0.5,0.9750000000000001,-0.0005770715401197419,0.0
0.525,0.9750000000000001,-0.00042149460583104593,0.0
0.55,0.9750000000000001,-0.00030786079436148384,0.0
0.5750000000000001,0.9750000000000001,-0.00022486235267000145,0.0
0.6000000000000001,0.9750000000000001,-0.0001642400675056987,0.0
0.625,0.9750000000000001,-0.00011996138728417364,0.0
0.65,0.9750000000000001,-8.76201200942892e-05,0.0
0.675,0.9750000000000001,-6.399797150687434e-05,0.0
0.7000000000000001,0.9750000000000001,-4.674429061027557e-05,0.0
0.7250000000000001,0.9750000000000001,-3.414215565290515e-05,0.0
0.75,0.9750000000000001,-2.4937522367083696e-05,0.0
0.775,0.9750000000000001,-1.821443344500372e-05,0.0
0.8,0.9750000000000001,-1.330387120415717e-05,0.0
0.8250000000000001,0.9750000000000001,-9.717183328880985e-06,0.0
0.8500000000000001,0.9750000000000001,-7.097456852827694e-06,0.0
0.875,0.9750000000000001,-5.1840015849070085e-06,0.0
0.9,0.9750000000000001,-3.7864087080165228e-06,0.0
0.925,0.9750000000000001,-2.7656031097452937e-06,0.0
0.9500000000000001,0.9750000000000001,-2.0200039537304655e-06,0.0
0.9750000000000001,0.9750000000000001,-1.475416323733633e-06,0.0
